<?xml version="1.0" encoding="UTF-8"?>
<modification>
    <name>Cleverpoint</name>
    <version>1.0.0</version>
    <code>cleverpoint</code>
    <author>Happyonline</author>
    <link>https://happyonline.gr/</link>	
    <file path="catalog/controller/checkout/shipping_method.php">
        <operation>
            <search><![CDATA[if (!isset($this->request->post['shipping_method'])) {]]></search>
            <add position="before" offset="1"><![CDATA[
			//CLEVERPOINT
			$this->load->language('extension/shipping/cleverpoint');
			if (isset($this->request->post['shipping_method']) && $this->request->post['shipping_method'] == 'cleverpoint.cleverpoint') {
				if (!isset($this->session->data['cleverpoint_station']) || !$this->session->data['cleverpoint_station']['shipping_method']) {
					$json['error']['warning'] = $this->language->get('error_cleverpoint_method');
				}				
				if (!isset($this->session->data['cleverpoint_station']) || !$this->session->data['cleverpoint_station']['station_id']) {
					$json['error']['warning'] = $this->language->get('error_cleverpoint');
				}
			}
        ]]></add>
        </operation>
    </file>	
    <file path="catalog/controller/extension/quickcheckout/shipping_method.php">
        <operation>
            <search><![CDATA[if (!isset($this->request->post['shipping_method'])) {]]></search>
            <add position="before" offset="1"><![CDATA[
			//CLEVERPOINT
			$this->load->language('extension/shipping/cleverpoint');
			if (isset($this->request->post['shipping_method']) && $this->request->post['shipping_method'] == 'cleverpoint.cleverpoint') {
				if (!isset($this->session->data['cleverpoint_station']) || !$this->session->data['cleverpoint_station']['shipping_method']) {
					$json['error']['warning'] = $this->language->get('error_cleverpoint_method');
				}				
				if (!isset($this->session->data['cleverpoint_station']) || !$this->session->data['cleverpoint_station']['station_id']) {
					$json['error']['warning'] = $this->language->get('error_cleverpoint');
				}
			}
        ]]></add>
        </operation>
    </file>	
     <file path="catalog/controller/journal3/checkout.php">
        <operation>
            <search><![CDATA[$json['error'] = $error ? $error : null;]]></search>
            <add position="before" offset="1"><![CDATA[
			//CLEVERPOINT
			$this->load->language('extension/shipping/cleverpoint');
			if (isset($this->request->post['order_data']['shipping_code']) && $this->request->post['order_data']['shipping_code'] == 'cleverpoint.cleverpoint') {
				if (!isset($this->session->data['cleverpoint_station']) || !$this->session->data['cleverpoint_station']['shipping_method']) {
					$error['shipping_code'] = $this->language->get('error_cleverpoint_method');
				}				
				if (!isset($this->session->data['cleverpoint_station']) || !$this->session->data['cleverpoint_station']['station_id']) {
					$error['shipping_code'] = $this->language->get('error_cleverpoint');
				}
			}
        ]]></add>
        </operation>
    </file>
</modification>